{
  "hard": {
    "accuracy": 0.8186666666666667,
    "precision": 0.7865707434052758,
    "recall": 0.8746666666666667,
    "f1_score": 0.8282828282828283,
    "directional_accuracy": 0.8186666666666667,
    "profitable_trade_rate": 0.8859504132231405,
    "avg_confidence": 0.8526666666666667,
    "high_confidence_predictions": 605.0,
    "n_samples": 750
  },
  "soft": {
    "accuracy": 0.8333333333333334,
    "precision": 0.8306878306878307,
    "recall": 0.8373333333333334,
    "f1_score": 0.8339973439575034,
    "directional_accuracy": 0.8333333333333334,
    "profitable_trade_rate": 0.9854014598540146,
    "avg_confidence": 0.5432296179790914,
    "high_confidence_predictions": 274.0,
    "n_samples": 750
  },
  "weighted": {
    "accuracy": 0.8373333333333334,
    "precision": 0.8355437665782494,
    "recall": 0.84,
    "f1_score": 0.8377659574468085,
    "directional_accuracy": 0.8373333333333334,
    "profitable_trade_rate": 0.9856115107913669,
    "avg_confidence": 0.5469902684948832,
    "high_confidence_predictions": 278.0,
    "n_samples": 750
  },
  "confidence": {
    "accuracy": 0.8386666666666667,
    "precision": 0.8377659574468085,
    "recall": 0.84,
    "f1_score": 0.8388814913448736,
    "directional_accuracy": 0.8386666666666667,
    "profitable_trade_rate": 0.9843260188087775,
    "avg_confidence": 0.5976510626807445,
    "high_confidence_predictions": 319.0,
    "n_samples": 750
  },
  "best_method": "confidence",
  "best_accuracy": 0.8386666666666667
}